{
  "BTC_BCN": 10377492.877492877,
  "BTC_BTS": 13060897.435897436,
  "BTC_BURST": 1189458.6894586894,
  "BTC_CLAM": 507478.6324786325,
  "BTC_DASH": 34168447.29344729,
  "BTC_DGB": 21198361.823361825,
  "BTC_DOGE": 48591524.21652421,
  "BTC_GAME": 2191951.566951567,
  "BTC_HUC": 315170.9401709402,
  "BTC_LTC": 32713675.213675212,
  "BTC_MAID": 6725427.35042735,
  "BTC_OMNI": 235272.98850574714,
  "BTC_NAV": 756766.3817663818,
  "BTC_NMC": 329415.9544159544,
  "BTC_NXT": 3331552.7065527067,
  "BTC_PPC": 405982.905982906,
  "BTC_STR": 60566239.31623932,
  "BTC_SYS": 1800213.6752136752,
  "BTC_VIA": 365028.49002849,
  "BTC_VTC": 1803774.9287749287,
  "BTC_XCP": 379273.50427350425,
  "BTC_XEM": 8915598.29059829,
  "BTC_XMR": 53586182.33618233,
  "BTC_XPM": 1672008.547008547,
  "BTC_XRP": 147686965.81196582,
  "USDT_BTC": 1509220758547.0085,
  "USDT_DASH": 54294925213.67522,
  "USDT_LTC": 95108956552.70656,
  "USDT_NXT": 27198522079.77208,
  "USDT_STR": 216192069088.3191,
  "USDT_XMR": 70575256410.25641,
  "USDT_XRP": 358191346153.8461,
  "XMR_BCN": 3374287.749287749,
  "XMR_DASH": 19805911.680911683,
  "XMR_LTC": 22711894.586894587,
  "XMR_MAID": 2126068.376068376,
  "XMR_NXT": 2017450.1424501424,
  "BTC_ETH": 155236823.36182335,
  "USDT_ETH": 525101579415.9544,
  "BTC_SC": 15373931.623931624,
  "BTC_EXP": 251068.37606837606,
  "BTC_FCT": 5026709.401709402,
  "BTC_AMP": 267094.0170940171,
  "BTC_DCR": 7252492.877492878,
  "BTC_LSK": 7950498.575498575,
  "ETH_LSK": 7713675.213675214,
  "BTC_LBC": 569800.5698005698,
  "BTC_STEEM": 1467236.4672364672,
  "ETH_STEEM": 2277421.6524216523,
  "BTC_SBD": 60541.310541310544,
  "BTC_ETC": 27286324.786324788,
  "ETH_ETC": 83589743.58974358,
  "USDT_ETC": 206988214031.33902,
  "BTC_REP": 6590099.715099715,
  "USDT_REP": 28056771723.646725,
  "ETH_REP": 25393518.51851852,
  "BTC_ARDR": 2678062.678062678,
  "BTC_ZEC": 16761039.886039887,
  "ETH_ZEC": 40347222.222222224,
  "USDT_ZEC": 47654417735.04273,
  "XMR_ZEC": 16933760.683760684,
  "BTC_STRAT": 3399216.5242165243,
  "BTC_PASC": 991809.1168091168,
  "BTC_GNT": 3012820.512820513,
  "ETH_GNT": 10717592.592592593,
  "BTC_GNO": 352564.10256410256,
  "ETH_GNO": 2702991.452991453,
  "BTC_BCH": 34009971.50997151,
  "ETH_BCH": 92763532.76353276,
  "USDT_BCH": 309113393874.64386,
  "BTC_ZRX": 10977564.102564102,
  "ETH_ZRX": 25972222.222222224,
  "BTC_CVC": 1182336.1823361823,
  "ETH_CVC": 3796296.296296296,
  "BTC_OMG": 2403846.153846154,
  "ETH_OMG": 16517094.017094018,
  "BTC_GAS": 1009615.3846153846,
  "ETH_GAS": 3146367.5213675215,
  "BTC_STORJ": 429131.05413105414,
  "BTC_EOS": 5694444.444444444,
  "ETH_EOS": 35548611.11111111,
  "USDT_EOS": 75788486111.11111,
  "BTC_SNT": 520833.3333333333,
  "ETH_SNT": 3519021.7391304346,
  "USDT_SNT": 4561299818.84058,
  "BTC_KNC": 665760.8695652174,
  "ETH_KNC": 1412037.037037037,
  "USDT_KNC": 2649384057.9710145,
  "BTC_BAT": 918803.4188034188,
  "ETH_BAT": 4759615.384615385,
  "USDT_BAT": 3251607905.982906,
  "BTC_LOOM": 1672008.547008547,
  "ETH_LOOM": 7553418.803418803,
  "USDT_LOOM": 6989342948.717949,
  "USDT_DOGE": 42517479166.666664,
  "USDT_GNT": 1795375000.0,
  "USDT_LSK": 3701993055.5555553,
  "USDT_SC": 21307791666.666668,
  "USDT_ZRX": 10354937500.0,
  "BTC_QTUM": 987318.8405797102,
  "ETH_QTUM": 7219202.898550725,
  "USDT_QTUM": 7559211956.521739,
  "USDC_BTC": 17575208333.333332,
  "USDC_ETH": 14503194444.444445,
  "USDC_USDT": 25722986111.11111
}