{
  "BTC_GAME": 2595833.3333333335,
  "BTC_PINK": 95833.33333333333,
  "BTC_BURST": 1841666.6666666667,
  "BTC_BCH": 36875000.0,
  "BTC_STR": 49091666.666666664,
  "BTC_ETH": 142404166.66666666,
  "BTC_FLDC": 129166.66666666667,
  "BTC_STRAT": 4050000.0,
  "BTC_BTM": 262500.0,
  "BTC_VIA": 425000.0,
  "BTC_CLAM": 637500.0,
  "BTC_SYS": 2925000.0,
  "BTC_VTC": 1437500.0,
  "BTC_GRC": 283333.3333333333,
  "BTC_STORJ": 375000.0,
  "BTC_SC": 21175000.0,
  "BTC_LBC": 812500.0,
  "BTC_XMR": 63183333.333333336,
  "BTC_MAID": 9808333.333333334,
  "BTC_ARDR": 3470833.3333333335,
  "BTC_XEM": 10300000.0,
  "BTC_VRC": 133333.33333333334,
  "BTC_DGB": 30545833.333333332,
  "BTC_ZRX": 16708333.333333334,
  "BTC_FLO": 195833.33333333334,
  "BTC_LSK": 5979166.666666667,
  "BTC_LTC": 43604166.666666664,
  "BTC_NXT": 3991666.6666666665,
  "BTC_OMNI": 270833.3333333333,
  "BTC_BTS": 18262500.0,
  "BTC_GNO": 475000.0,
  "BTC_ETC": 32920833.333333332,
  "BTC_FCT": 5866666.666666667,
  "BTC_DOGE": 19008333.333333332,
  "BTC_AMP": 329166.6666666667,
  "BTC_EMC2": 995833.3333333334,
  "BTC_XBC": 95833.33333333333,
  "BTC_ZEC": 17083333.333333332,
  "BTC_GNT": 4237500.0,
  "BTC_XVC": 150000.0,
  "BTC_STEEM": 2108333.3333333335,
  "BTC_CVC": 966666.6666666666,
  "BTC_SBD": 20833.333333333332,
  "BTC_BCY": 37500.0,
  "BTC_NXC": 70833.33333333333,
  "BTC_RADS": 66666.66666666667,
  "BTC_DCR": 11900000.0,
  "BTC_BLK": 287500.0,
  "BTC_PPC": 295833.3333333333,
  "BTC_BCN": 13025000.0,
  "BTC_NMC": 266666.6666666667,
  "USDT_BTC": 1544924750000.0,
  "BTC_XRP": 96050000.0,
  "BTC_RIC": 70833.33333333333,
  "BTC_POT": 1016666.6666666666,
  "BTC_REP": 9870833.333333334,
  "BTC_OMG": 3362500.0,
  "BTC_NEOS": 37500.0,
  "BTC_DASH": 35712500.0,
  "BTC_BTCD": 54166.666666666664,
  "BTC_PASC": 1025000.0,
  "BTC_GAS": 1116666.6666666667,
  "BTC_HUC": 637500.0,
  "BTC_NAV": 591666.6666666666,
  "BTC_XPM": 1779166.6666666667,
  "BTC_XCP": 483333.3333333333,
  "BTC_EXP": 383333.3333333333
}