{
  "BTC_BCN": 10302631.578947369,
  "BTC_BTCD": 346491.22807017545,
  "BTC_BTM": 271929.8245614035,
  "BTC_BTS": 14445175.43859649,
  "BTC_BURST": 1364035.0877192982,
  "BTC_CLAM": 548245.6140350878,
  "BTC_DASH": 34524122.80701754,
  "BTC_DGB": 24133771.92982456,
  "BTC_DOGE": 38399122.80701754,
  "BTC_EMC2": 839912.2807017544,
  "BTC_GAME": 2521929.8245614036,
  "BTC_GRC": 173245.61403508772,
  "BTC_HUC": 381578.94736842107,
  "BTC_LTC": 33842105.2631579,
  "BTC_MAID": 7609649.1228070175,
  "BTC_OMNI": 267543.8596491228,
  "BTC_NAV": 530701.754385965,
  "BTC_NEOS": 85526.31578947368,
  "BTC_NMC": 335526.3157894737,
  "BTC_NXT": 3598684.210526316,
  "BTC_POT": 679824.5614035088,
  "BTC_PPC": 480263.15789473685,
  "BTC_STR": 54743421.05263158,
  "BTC_SYS": 1921052.6315789474,
  "BTC_VIA": 388157.8947368421,
  "BTC_VRC": 109649.12280701754,
  "BTC_VTC": 2078947.3684210526,
  "BTC_XBC": 239035.08771929826,
  "BTC_XCP": 421052.63157894736,
  "BTC_XEM": 8510964.912280701,
  "BTC_XMR": 55754385.96491228,
  "BTC_XPM": 1732456.1403508773,
  "BTC_XRP": 89030701.75438596,
  "USDT_BTC": 1606885048245.614,
  "USDT_DASH": 49592462719.29825,
  "USDT_LTC": 94521032894.73685,
  "USDT_NXT": 30639453947.36842,
  "USDT_STR": 205998585526.3158,
  "USDT_XMR": 74036089912.2807,
  "USDT_XRP": 245135745614.0351,
  "XMR_BCN": 3890350.8771929825,
  "XMR_BTCD": 1184210.5263157894,
  "XMR_DASH": 20833333.333333332,
  "XMR_LTC": 25241228.07017544,
  "XMR_MAID": 2366228.0701754387,
  "XMR_NXT": 2282894.736842105,
  "BTC_ETH": 141491228.07017544,
  "USDT_ETH": 464219438596.4912,
  "BTC_SC": 15627192.98245614,
  "BTC_EXP": 271929.8245614035,
  "BTC_FCT": 5337719.298245614,
  "BTC_AMP": 298245.6140350877,
  "BTC_DCR": 8434210.52631579,
  "BTC_LSK": 7565789.47368421,
  "ETH_LSK": 7276315.7894736845,
  "BTC_LBC": 642543.8596491228,
  "BTC_STEEM": 1559210.5263157894,
  "ETH_STEEM": 2078947.3684210526,
  "BTC_SBD": 41666.666666666664,
  "BTC_ETC": 31554824.56140351,
  "ETH_ETC": 83730263.15789473,
  "USDT_ETC": 231041519736.8421,
  "BTC_REP": 7662280.701754386,
  "USDT_REP": 31811480263.157894,
  "ETH_REP": 25372807.01754386,
  "BTC_ARDR": 2844298.245614035,
  "BTC_ZEC": 16622807.01754386,
  "ETH_ZEC": 33118421.05263158,
  "USDT_ZEC": 48477723684.210526,
  "XMR_ZEC": 15247807.01754386,
  "BTC_STRAT": 3546052.6315789474,
  "BTC_PASC": 855263.1578947369,
  "BTC_GNT": 3287280.701754386,
  "ETH_GNT": 10504385.96491228,
  "BTC_GNO": 335526.3157894737,
  "ETH_GNO": 2359649.1228070175,
  "BTC_BCH": 31567982.45614035,
  "ETH_BCH": 62177631.578947365,
  "USDT_BCH": 319650258771.9298,
  "BTC_ZRX": 12368421.05263158,
  "ETH_ZRX": 24894736.842105262,
  "BTC_CVC": 1364035.0877192982,
  "ETH_CVC": 3879385.964912281,
  "BTC_OMG": 2699561.403508772,
  "ETH_OMG": 18357456.14035088,
  "BTC_GAS": 997807.0175438597,
  "ETH_GAS": 2995614.035087719,
  "BTC_STORJ": 453947.36842105264,
  "BTC_EOS": 5422149.1228070175,
  "ETH_EOS": 29862938.59649123,
  "USDT_EOS": 74219649122.80702,
  "BTC_SNT": 720486.1111111111,
  "ETH_SNT": 5112847.222222222,
  "USDT_SNT": 7492638888.888889,
  "BTC_KNC": 451388.8888888889,
  "ETH_KNC": 1884057.9710144927,
  "USDT_KNC": 3884175347.2222223,
  "BTC_BAT": 526960.7843137255,
  "ETH_BAT": 3100490.1960784313,
  "USDT_BAT": 3954730392.1568627,
  "BTC_LOOM": 2830882.3529411764,
  "ETH_LOOM": 8026960.784313725,
  "USDT_LOOM": 10585085784.313726,
  "USDT_DOGE": 57455286458.333336,
  "USDT_GNT": 2267057291.6666665,
  "USDT_LSK": 3890963541.6666665,
  "USDT_SC": 27837942708.333332,
  "USDT_ZRX": 17697708333.333332,
  "BTC_QTUM": 0.0,
  "ETH_QTUM": 0.0,
  "USDT_QTUM": 0.0
}